USE [BEE_BASE_TEST]
GO
/****** Object:  Table [dbo].[Obs_module]    Script Date: 06/05/2020 19:18:23 ******/
SET ANSI_NULLS ON
GO
SET QUOTED_IDENTIFIER ON
GO
SET ANSI_PADDING ON
GO
CREATE TABLE [dbo].[Obs_module](
	[id] [int] IDENTITY(1,1) NOT NULL,
	[intitule] [varchar](50) NULL,
PRIMARY KEY CLUSTERED
(
	[id] ASC
)WITH (PAD_INDEX = OFF, STATISTICS_NORECOMPUTE = OFF, IGNORE_DUP_KEY = OFF, ALLOW_ROW_LOCKS = ON, ALLOW_PAGE_LOCKS = ON) ON [PRIMARY]
) ON [PRIMARY]

GO
SET ANSI_PADDING OFF
GO
/****** Object:  Table [dbo].[Obs_rubrique]    Script Date: 06/05/2020 19:18:24 ******/
SET ANSI_NULLS ON
GO
SET QUOTED_IDENTIFIER ON
GO
SET ANSI_PADDING ON
GO
CREATE TABLE [dbo].[Obs_rubrique](
	[id] [int] IDENTITY(1,1) NOT NULL,
	[intitule] [varchar](50) NULL,
	[ref_module] [int] NULL,
PRIMARY KEY CLUSTERED
(
	[id] ASC
)WITH (PAD_INDEX = OFF, STATISTICS_NORECOMPUTE = OFF, IGNORE_DUP_KEY = OFF, ALLOW_ROW_LOCKS = ON, ALLOW_PAGE_LOCKS = ON) ON [PRIMARY]
) ON [PRIMARY]

GO
SET ANSI_PADDING OFF
GO
/****** Object:  Table [dbo].[Obs_ss_module]    Script Date: 06/05/2020 19:18:24 ******/
SET ANSI_NULLS ON
GO
SET QUOTED_IDENTIFIER ON
GO
SET ANSI_PADDING ON
GO
CREATE TABLE [dbo].[Obs_ss_module](
	[id] [int] IDENTITY(1,1) NOT NULL,
	[intitule] [varchar](50) NULL,
	[ref_rubrique] [int] NULL,
PRIMARY KEY CLUSTERED
(
	[id] ASC
)WITH (PAD_INDEX = OFF, STATISTICS_NORECOMPUTE = OFF, IGNORE_DUP_KEY = OFF, ALLOW_ROW_LOCKS = ON, ALLOW_PAGE_LOCKS = ON) ON [PRIMARY]
) ON [PRIMARY]

GO
SET ANSI_PADDING OFF
GO
/****** Object:  Table [dbo].[Obs_user_module]    Script Date: 06/05/2020 19:18:24 ******/
SET ANSI_NULLS ON
GO
SET QUOTED_IDENTIFIER ON
GO
CREATE TABLE [dbo].[Obs_user_module](
	[id] [int] IDENTITY(1,1) NOT NULL,
	[ref_user] [numeric](19, 0) NOT NULL,
	[ref_ss_module] [int] NULL,
	[ajout] [bit] NULL,
	[supression] [bit] NULL,
	[modification] [bit] NULL,
PRIMARY KEY CLUSTERED
(
	[id] ASC
)WITH (PAD_INDEX = OFF, STATISTICS_NORECOMPUTE = OFF, IGNORE_DUP_KEY = OFF, ALLOW_ROW_LOCKS = ON, ALLOW_PAGE_LOCKS = ON) ON [PRIMARY]
) ON [PRIMARY]

GO
SET IDENTITY_INSERT [dbo].[Obs_module] ON

INSERT [dbo].[Obs_module] ([id], [intitule]) VALUES (1, N'Rendement')
INSERT Obs_module (id, intitule) VALUES (2, 'prevision')
INSERT [dbo].[Obs_module] ([id], [intitule]) VALUES (9, N'Conduite_technique')
INSERT [dbo].[Obs_module] ([id], [intitule]) VALUES (10, N'parametrage_fonctionnel')
INSERT Obs_module (id, intitule) VALUES (3, 'Administration')
SET IDENTITY_INSERT [dbo].[Obs_module] OFF
SET IDENTITY_INSERT [dbo].[Obs_rubrique] ON


INSERT [dbo].[Obs_rubrique] ([id], [intitule], [ref_module]) VALUES (1, N'Recolte', 1)
INSERT [dbo].[Obs_rubrique] ([id], [intitule], [ref_module]) VALUES (30, N'Plantation', 9)
INSERT [dbo].[Obs_rubrique] ([id], [intitule], [ref_module]) VALUES (31, N'Apport_en_eau', 9)
INSERT [dbo].[Obs_rubrique] ([id], [intitule], [ref_module]) VALUES (32, N'Nutrition', 9)
INSERT [dbo].[Obs_rubrique] ([id], [intitule], [ref_module]) VALUES (33, N'Sante_plante', 9)
INSERT [dbo].[Obs_rubrique] ([id], [intitule], [ref_module]) VALUES (34, N'operations_cles', 9)
INSERT [dbo].[Obs_rubrique] ([id], [intitule], [ref_module]) VALUES (38, N'Estimations', 1)
INSERT [dbo].[Obs_rubrique] ([id], [intitule], [ref_module]) VALUES (39, N'suivi_qualitatif', 1)
INSERT [dbo].[Obs_rubrique] ([id], [intitule], [ref_module]) VALUES (40, N'societe_ferme', 10)
INSERT [dbo].[Obs_rubrique] ([id], [intitule], [ref_module]) VALUES (41, N'parcellisation', 10)
INSERT [dbo].[Obs_rubrique] ([id], [intitule], [ref_module]) VALUES (42, N'centre_couts', 10)
insert into Obs_rubrique (id,intitule,ref_module) values(43,'dashboard_technique', 9)
INSERT Obs_rubrique (id, intitule, ref_module) VALUES (35, 'Suivi_prevision', 2)
INSERT Obs_rubrique (id, intitule, ref_module) VALUES (36, 'Reporting', 2)
INSERT Obs_rubrique (id, intitule, ref_module) VALUES (37, 'Parametrage', 2)
INSERT Obs_rubrique (id, intitule, ref_module) VALUES (44, 'Gestion_des_acces', 3)
INSERT Obs_rubrique (id, intitule, ref_module) VALUES (45, 'Referentiel_Cultural', 3)
INSERT Obs_rubrique (id, intitule, ref_module) VALUES (46, 'Referentiel_RH', 3)
INSERT Obs_rubrique (id, intitule, ref_module) VALUES (47, 'Achat_stock_autres', 3)
INSERT Obs_rubrique (id, intitule, ref_module) VALUES (48, 'Referentiel_BeeObs', 3)
INSERT Obs_rubrique (id, intitule, ref_module) VALUES (49, 'Parametrage_Modules', 3)
INSERT Obs_rubrique (id, intitule, ref_module) VALUES (50, 'operation_semis', 9)
INSERT Obs_rubrique (id, intitule, ref_module) VALUES (51, 'ressources_hydriques', 10)
INSERT [dbo].[Obs_rubrique] ([id], [intitule], [ref_module]) VALUES (52, 'ressources_hydriques', 9)
INSERT [dbo].[Obs_rubrique] ([id], [intitule], [ref_module]) VALUES (53, 'Suivi_de_la_chute_physiologique', 1)

INSERT [dbo].[Obs_rubrique] ([id], [intitule], [ref_module]) VALUES (54, 'grandescultures', 9)
INSERT [dbo].[Obs_rubrique] ([id], [intitule], [ref_module]) VALUES (55, N'vente', 1)
INSERT [dbo].[Obs_rubrique] ([id], [intitule], [ref_module]) VALUES (56, N'parametrage_scoring', 3)


SET IDENTITY_INSERT [dbo].[Obs_rubrique] OFF
SET IDENTITY_INSERT [dbo].[Obs_ss_module] ON

INSERT [dbo].[Obs_ss_module] ([id], [intitule], [ref_rubrique]) VALUES (26, N'Suivi_stades', 30)
INSERT [dbo].[Obs_ss_module] ([id], [intitule], [ref_rubrique]) VALUES (27, N'Pourcentage_ouverture', 30)
INSERT [dbo].[Obs_ss_module] ([id], [intitule], [ref_rubrique]) VALUES (28, N'Intensite_fleurs', 30)
INSERT [dbo].[Obs_ss_module] ([id], [intitule], [ref_rubrique]) VALUES (29, N'Suivi_meteo', 31)
INSERT [dbo].[Obs_ss_module] ([id], [intitule], [ref_rubrique]) VALUES (30, N'Apport_en_eau', 31)
INSERT [dbo].[Obs_ss_module] ([id], [intitule], [ref_rubrique]) VALUES (31, N'Test_de_conformité', 31)
INSERT [dbo].[Obs_ss_module] ([id], [intitule], [ref_rubrique]) VALUES (33, N'Aspect_vegetal', 32)
INSERT [dbo].[Obs_ss_module] ([id], [intitule], [ref_rubrique]) VALUES (36, N'Controle_EC', 32)
INSERT [dbo].[Obs_ss_module] ([id], [intitule], [ref_rubrique]) VALUES (38, N'Observation_phyto', 33)
INSERT [dbo].[Obs_ss_module] ([id], [intitule], [ref_rubrique]) VALUES (39, N'Comptage_des_ravageur', 33)
INSERT [dbo].[Obs_ss_module] ([id], [intitule], [ref_rubrique]) VALUES (40, N'Comptage_piegeage', 33)
INSERT [dbo].[Obs_ss_module] ([id], [intitule], [ref_rubrique]) VALUES (41, N'Traitement_phyto', 33)
INSERT [dbo].[Obs_ss_module] ([id], [intitule], [ref_rubrique]) VALUES (42, N'piqure_fruit', 33)
INSERT [dbo].[Obs_ss_module] ([id], [intitule], [ref_rubrique]) VALUES (43, N'Ramassage_destructions_fruits', 33)
INSERT [dbo].[Obs_ss_module] ([id], [intitule], [ref_rubrique]) VALUES (44, N'programme_application_pollen', 34)
INSERT [dbo].[Obs_ss_module] ([id], [intitule], [ref_rubrique]) VALUES (45, N'recolte_pollen', 34)
INSERT [dbo].[Obs_ss_module] ([id], [intitule], [ref_rubrique]) VALUES (46, N'Comptage_arbre', 34)
INSERT [dbo].[Obs_ss_module] ([id], [intitule], [ref_rubrique]) VALUES (47, N'eclaircissage_regime', 34)
INSERT [dbo].[Obs_ss_module] ([id], [intitule], [ref_rubrique]) VALUES (60, N'Recolte', 1)
INSERT [dbo].[Obs_ss_module] ([id], [intitule], [ref_rubrique]) VALUES (61, N'Recolte_Arbre', 1)
INSERT [dbo].[Obs_ss_module] ([id], [intitule], [ref_rubrique]) VALUES (62, N'expedition', 1)
INSERT [dbo].[Obs_ss_module] ([id], [intitule], [ref_rubrique]) VALUES (63, N'estimation_parcelle', 38)
INSERT [dbo].[Obs_ss_module] ([id], [intitule], [ref_rubrique]) VALUES (64, N'profil_calibre', 38)
INSERT [dbo].[Obs_ss_module] ([id], [intitule], [ref_rubrique]) VALUES (65, N'Suivi_grossissement', 38)
INSERT [dbo].[Obs_ss_module] ([id], [intitule], [ref_rubrique]) VALUES (66, N'Evolution_calibre', 38)
INSERT [dbo].[Obs_ss_module] ([id], [intitule], [ref_rubrique]) VALUES (67, N'analyse_qualitative', 39)
INSERT [dbo].[Obs_ss_module] ([id], [intitule], [ref_rubrique]) VALUES (68, N'agreage_fruit', 39)
INSERT [dbo].[Obs_ss_module] ([id], [intitule], [ref_rubrique]) VALUES (69, N'changement_phero', 33)
INSERT [dbo].[Obs_ss_module] ([id], [intitule], [ref_rubrique]) VALUES (70, N'Fertlisation', 32)
INSERT [dbo].[Obs_ss_module] ([id], [intitule], [ref_rubrique]) VALUES (71, N'gestion_societe', 40)
INSERT [dbo].[Obs_ss_module] ([id], [intitule], [ref_rubrique]) VALUES (72, N'gestion_ferme', 40)
INSERT [dbo].[Obs_ss_module] ([id], [intitule], [ref_rubrique]) VALUES (73, N'exercice_comptable_campagne', 40)
INSERT [dbo].[Obs_ss_module] ([id], [intitule], [ref_rubrique]) VALUES (74, N'banque', 40)
INSERT [dbo].[Obs_ss_module] ([id], [intitule], [ref_rubrique]) VALUES (75, N'gestionPays', 40)
INSERT [dbo].[Obs_ss_module] ([id], [intitule], [ref_rubrique]) VALUES (76, N'parcelles_physique', 41)
INSERT [dbo].[Obs_ss_module] ([id], [intitule], [ref_rubrique]) VALUES (77, N'parcelles_culturales', 41)
INSERT [dbo].[Obs_ss_module] ([id], [intitule], [ref_rubrique]) VALUES (78, N'secteurs_irrigation', 41)
INSERT [dbo].[Obs_ss_module] ([id], [intitule], [ref_rubrique]) VALUES (79, N'groupes_operationnels', 41)
INSERT [dbo].[Obs_ss_module] ([id], [intitule], [ref_rubrique]) VALUES (80, N'cycles_culturaux', 41)
INSERT [dbo].[Obs_ss_module] ([id], [intitule], [ref_rubrique]) VALUES (81, N'gestion_arbre', 41)
INSERT [dbo].[Obs_ss_module] ([id], [intitule], [ref_rubrique]) VALUES (82, N'declaration_arrachage', 41)
INSERT [dbo].[Obs_ss_module] ([id], [intitule], [ref_rubrique]) VALUES (83, N'centre_couts', 42)
INSERT [dbo].[Obs_ss_module] ([id], [intitule], [ref_rubrique]) VALUES (84, N'assiete_frais', 42)
INSERT [dbo].[Obs_ss_module] ([id], [intitule], [ref_rubrique]) VALUES (85, N'cout_standars', 42)
INSERT Obs_ss_module (id, intitule, ref_rubrique) VALUES (48, 'Previsions_periodique', 35)
INSERT Obs_ss_module (id, intitule, ref_rubrique) VALUES (49, 'Previsions_today', 35)
INSERT Obs_ss_module (id, intitule, ref_rubrique) VALUES (50, 'prevision_tomorrow', 35)
INSERT Obs_ss_module (id, intitule, ref_rubrique) VALUES (51, 'production_realisee', 35)
INSERT Obs_ss_module (id, intitule, ref_rubrique) VALUES (52, 'actualisation_demande', 35)
INSERT Obs_ss_module (id, intitule, ref_rubrique) VALUES (53, 'Previsions_annuelle', 35)
INSERT Obs_ss_module (id, intitule, ref_rubrique) VALUES (54, 'analyse_multi_periode_variete', 36)
INSERT Obs_ss_module (id, intitule, ref_rubrique) VALUES (55, 'Prevision_journaliere', 36)
INSERT Obs_ss_module (id, intitule, ref_rubrique) VALUES (56, 'assolement', 36)
INSERT Obs_ss_module (id, intitule, ref_rubrique) VALUES (57, 'Suivi_hebdo_prevu_realise', 36)
INSERT Obs_ss_module (id, intitule, ref_rubrique) VALUES (58, 'parametrage_periodes_estimations', 37)
INSERT Obs_ss_module (id, intitule, ref_rubrique) VALUES (59, 'notif_manuel', 37)
INSERT Obs_ss_module (id, intitule, ref_rubrique) VALUES (87, 'Gestion_des_utilisateurs', 44)
INSERT Obs_ss_module (id, intitule, ref_rubrique) VALUES (88, 'Gestion_des_profils', 44)
INSERT Obs_ss_module (id, intitule, ref_rubrique) VALUES (89, 'Affectation_utilisateur_ferme', 44)
INSERT Obs_ss_module (id, intitule, ref_rubrique) VALUES (90, 'Gestion_des_terminaux', 44)
INSERT Obs_ss_module (id, intitule, ref_rubrique) VALUES (91, 'Famille_de_culture', 45)
INSERT Obs_ss_module (id, intitule, ref_rubrique) VALUES (92, 'Culture', 45)
INSERT Obs_ss_module (id, intitule, ref_rubrique) VALUES (93, 'Type_de_variete', 45)
INSERT Obs_ss_module (id, intitule, ref_rubrique) VALUES (94, 'Variete', 45)
INSERT Obs_ss_module (id, intitule, ref_rubrique) VALUES (95, 'Generation', 45)
INSERT Obs_ss_module (id, intitule, ref_rubrique) VALUES (96, 'Tranches_age', 45)
INSERT Obs_ss_module (id, intitule, ref_rubrique) VALUES (97, 'Porte_greffe', 45)
INSERT Obs_ss_module (id, intitule, ref_rubrique) VALUES (98, 'Produit', 45)
INSERT Obs_ss_module (id, intitule, ref_rubrique) VALUES (99, 'Liste_des_Operations', 46)
INSERT Obs_ss_module (id, intitule, ref_rubrique) VALUES (100, 'Famille_operations', 46)
INSERT Obs_ss_module (id, intitule, ref_rubrique) VALUES (101, 'Unite_operation', 46)
INSERT Obs_ss_module (id, intitule, ref_rubrique) VALUES (102, 'Primes', 46)
INSERT Obs_ss_module (id, intitule, ref_rubrique) VALUES (103, 'Clients_Fournisseurs', 47)
INSERT Obs_ss_module (id, intitule, ref_rubrique) VALUES (104, 'Categorie_des_articles', 47)
INSERT Obs_ss_module (id, intitule, ref_rubrique) VALUES (105, 'Articles', 47)
INSERT Obs_ss_module (id, intitule, ref_rubrique) VALUES (106, 'Articles_entretien', 47)
INSERT Obs_ss_module (id, intitule, ref_rubrique) VALUES (107, 'Famille_immobilisation', 47)
INSERT Obs_ss_module (id, intitule, ref_rubrique) VALUES (108, 'Categorie_Energie', 47)
INSERT Obs_ss_module (id, intitule, ref_rubrique) VALUES (109, 'Categorie_depenses', 47)
INSERT Obs_ss_module (id, intitule, ref_rubrique) VALUES (110, 'Stades_phenologiques', 48)
INSERT Obs_ss_module (id, intitule, ref_rubrique) VALUES (111, 'Intensites_du_stade', 48)
INSERT Obs_ss_module (id, intitule, ref_rubrique) VALUES (112, 'Qualites_du_stade', 48)
INSERT Obs_ss_module (id, intitule, ref_rubrique) VALUES (113, 'Niveaux_de_conformite', 48)
INSERT Obs_ss_module (id, intitule, ref_rubrique) VALUES (114, 'Cibles', 48)
INSERT Obs_ss_module (id, intitule, ref_rubrique) VALUES (115, 'Niveau_des_attaques', 48)
INSERT Obs_ss_module (id, intitule, ref_rubrique) VALUES (116, 'Niveaux_de_risque', 48)
INSERT Obs_ss_module (id, intitule, ref_rubrique) VALUES (117, 'Lieux_elimination', 48)
INSERT Obs_ss_module (id, intitule, ref_rubrique) VALUES (118, 'refModeApplication', 48)
INSERT Obs_ss_module (id, intitule, ref_rubrique) VALUES (119, 'Niveaux_de_carence', 48)
INSERT Obs_ss_module (id, intitule, ref_rubrique) VALUES (120, 'Elements_mineraux', 48)
INSERT Obs_ss_module (id, intitule, ref_rubrique) VALUES (121, 'Calibres', 48)
INSERT Obs_ss_module (id, intitule, ref_rubrique) VALUES (122, 'Generations', 48)
INSERT Obs_ss_module (id, intitule, ref_rubrique) VALUES (123, 'Niveaux_de_coloration', 48)
INSERT Obs_ss_module (id, intitule, ref_rubrique) VALUES (124, 'Main_oeuvre', 49)
INSERT Obs_ss_module (id, intitule, ref_rubrique) VALUES (125, 'Technique', 49)
INSERT Obs_ss_module (id, intitule, ref_rubrique) VALUES (126, 'Immobilisation', 49)
INSERT Obs_ss_module (id, intitule, ref_rubrique) VALUES (127, 'Budget', 49)
INSERT Obs_ss_module (id, intitule, ref_rubrique) VALUES (128, 'Parametrage_des_etats', 49)
INSERT Obs_ss_module (id, intitule, ref_rubrique) VALUES (129, 'Bee_Obs', 49)
insert into Obs_ss_module (id,intitule,ref_rubrique) values(130,'dashboard_technique', 43)
insert into Obs_ss_module (id,intitule,ref_rubrique) values(131,'operation_semis', 50)
insert into Obs_ss_module (id,intitule,ref_rubrique) values(132,'analyse_qualitative_feuille', 39)
INSERT Obs_ss_module (id, intitule, ref_rubrique) VALUES (133, 'fermete_fruit', 48)
INSERT Obs_ss_module (id, intitule, ref_rubrique) VALUES (134, 'fermete_peau', 48)
INSERT [Obs_ss_module] ([id], [intitule], [ref_rubrique]) VALUES (135, 'Extraction_pollen', 34)
INSERT [Obs_ss_module] ([id], [intitule], [ref_rubrique]) VALUES (136, 'ressources_hydriques', 51)
INSERT [Obs_ss_module] ([id], [intitule], [ref_rubrique]) VALUES (137, 'Suivi_des_ressources_hydriques', 52)
INSERT [Obs_ss_module] ([id], [intitule], [ref_rubrique]) VALUES (138, 'suivi_niveau_piezometrique', 52)
INSERT [Obs_ss_module] ([id], [intitule], [ref_rubrique]) VALUES (139, 'suivi_interventions_equipements', 52)
INSERT [Obs_ss_module] ([id], [intitule], [ref_rubrique]) VALUES (140, 'Declaration_recolte', 1)

INSERT [Obs_ss_module] ([id], [intitule], [ref_rubrique]) VALUES (141, 'Suivi_de_la_chute_par_fruits', 30)
INSERT [Obs_ss_module] ([id], [intitule], [ref_rubrique]) VALUES (142, 'Suivi_de_la_chute_par_rameau', 30)
-- Execute this for chutte phisioloqique : update Obs_ss_module set ref_rubrique = 30 where id = 141 or id = 142

INSERT [Obs_ss_module] ([id], [intitule], [ref_rubrique]) VALUES (143, 'suividesstadesgc', 54)

INSERT [dbo].[Obs_ss_module] ([id], [intitule], [ref_rubrique]) VALUES (144, N'expedition_arbre', 1)
INSERT [dbo].[Obs_ss_module] ([id], [intitule], [ref_rubrique]) VALUES (145, N'vente', 55)
INSERT [Obs_ss_module] ([id], [intitule], [ref_rubrique]) VALUES (146, 'composantes_rendement', 54)

INSERT [dbo].[Obs_ss_module] ([id], [intitule], [ref_rubrique]) VALUES (147, N'solutionmere', 32)
INSERT [dbo].[Obs_ss_module] ([id], [intitule], [ref_rubrique]) VALUES (148, N'programmefertilisation', 32)
INSERT [Obs_ss_module] ([id], [intitule], [ref_rubrique]) VALUES (149, N'suivi_qualite_gc', 54)

INSERT [dbo].[Obs_ss_module] ([id], [intitule], [ref_rubrique]) VALUES (150, N'ordre_taille', 34)

INSERT Obs_ss_module (id, intitule, ref_rubrique) VALUES (151, 'elements', 45)

INSERT [dbo].[Obs_ss_module] ([id], [intitule], [ref_rubrique]) VALUES (152, N'scoring', 39)

INSERT [dbo].[Obs_ss_module] ([id], [intitule], [ref_rubrique]) VALUES (153, N'bareme', 56)
INSERT [dbo].[Obs_ss_module] ([id], [intitule], [ref_rubrique]) VALUES (154, N'classification', 56)




SET IDENTITY_INSERT [dbo].[Obs_ss_module] OFF
ALTER TABLE [dbo].[Obs_rubrique]  WITH CHECK ADD FOREIGN KEY([ref_module])
REFERENCES [dbo].[Obs_module] ([id])
GO
ALTER TABLE [dbo].[Obs_ss_module]  WITH CHECK ADD FOREIGN KEY([ref_rubrique])
REFERENCES [dbo].[Obs_rubrique] ([id])
GO
ALTER TABLE [dbo].[Obs_user_module]  WITH CHECK ADD FOREIGN KEY([ref_ss_module])
REFERENCES [dbo].[Obs_ss_module] ([id])
GO
ALTER TABLE [dbo].[Obs_user_module]  WITH CHECK ADD FOREIGN KEY([ref_user])
REFERENCES [dbo].[Profil] ([ID])
GO
